lon,lat,address,folio,rescomm,propuse,prob_modelA,prob_modelD
-80.32205480084967,25.71620564546746,7887SW 58TH ST,3040270050130,R,0220,0.21038653,0.59488004
-80.34849826891643,25.71199370103979,6020SW 94TH PL,3040280151140,R,0220,0.2221035,0.59058654
-80.31014528446082,25.702027754270283,7320SW 72ND AVE,3040350160040,R,0220,0.093185514,0.582321
-80.33912964629187,25.7275026455681,4401SW 89TH AVE,3040210310010,R,0220,0.22773807,0.6098503
-80.36550322183626,25.71484072038816,10600SW 56TH TER,3040290690040,R,0220,0.0,0.0
-80.24283965589024,25.819653927189933,4900NW 29TH AVE,3031210090220,R,0220,0.15221171,0.70304173
-80.31173910148905,25.70076887079365,7288SW 74TH LN,3040350600190,R,0220,0.11231919,0.60658175
-80.36233485215108,25.75087928864834,10311SW 20TH ST,3040080310210,R,0220,0.0,0.0
-80.34684243399761,25.75369068490235,1701SW 93RD PL,3040090071560,R,0220,0.5445529,0.6089772
-80.24489279948953,25.839606258837268,7200NW 29TH CT,3031090001062,C,1734,0.9425408,0.7100155
-80.28932856329648,25.737764529392688,5800SW 35TH ST,3040130181910,R,0220,0.90352637,0.5771634
-80.23319035735011,25.825232933407303,5420NW 22ND AVE,3031150550010,C,1822,0.16862826,0.7406772
-80.37374811043088,25.709995777835342,11090SW 61ST TER,3040300041290,R,0220,0.0,0.0
-80.3645221375785,25.72077303673255,10431SW 50TH TER,3040200110960,R,0220,0.0,0.0
-80.34122587219389,25.751842707107922,1840SW 89TH PL,3040090053600,R,0220,0.91165215,0.61304677
-80.34071863128219,25.754274143596543,8931SW 17TH ST,3040090052470,R,0220,0.24705024,0.6858772
-80.2692501288366,25.703674691542926,7320SW 47TH AVE,3041310110090,R,0220,0.1762684,0.47874373
-80.3880818994972,25.734861587009448,11905SW 37TH ST,3049130011530,R,0220,0.0,0.0
-80.20536441350211,25.880603197088963,325NW 115TH ST,3021360270150,C,1521,0.12575805,0.61929506
-80.34874254330005,25.717785728489222,9470SW 54TH ST,3040210181310,R,0220,0.23400036,0.6161392
-80.3104536015377,25.79644015082638,6990NW 25TH ST,3030350020030,C,1737,0.20023741,0.77969265
-80.27860905235104,25.7006749555901,5280SW 76TH ST,3041310191900,R,0220,0.1780048,0.4862048
-80.3881603161333,25.73593581142083,11901SW 35TH TER,3049130011800,R,0220,0.0,0.0
-80.22997901854993,25.811465195112174,1907NW 38TH ST,3031220630010,C,1734,0.24290109,0.74950737
-80.34191091664978,25.72628511838178,9015SW 45TH TER,3040210250170,R,0220,0.2074236,0.6113743
-80.39751735857551,25.731668737373372,3910SW 125TH AVE,3049130091450,R,0220,0.0,0.0
-80.36614709380773,25.72607709876065,10520SW 44TH TER,3040200061440,R,0220,0.0,0.0
-80.34330546129684,25.752304690092895,9120SW 18TH TER,3040090070480,R,0220,0.91165215,0.61304677
-80.31054222932363,25.825295482477475,6875NW 58TH ST,3030230010070,C,1737,0.37064722,0.70353407
-80.3105906934332,25.715972433617196,7200SW 58TH ST,3040260290060,R,0220,0.23036227,0.5307129
-80.34457220981494,25.75745249751013,1305SW 92ND CT,3040090080820,R,0220,0.28295577,0.6089457
-80.35281777304436,25.752041363264247,1820SW 97TH CT,3040080070330,R,0220,0.5541344,0.63704187
-80.2950618216455,25.73491775373634,3916SW 62ND AVE,3040130080310,R,0220,0.5443847,0.608865
-80.2195511007457,25.859048779143777,9205NW 13TH AVE,3031020270030,R,0220,0.93121535,0.6617537
-80.3985895616475,25.750318181901985,1900SW 125TH CT,3049120090070,R,0220,0.0,0.0
-80.3324796338392,25.702077030385105,8521SW 72ND TER,3040340150030,R,0220,0.6195397,0.6972567
-80.31306519271483,25.82714964249287,5875NW 72ND AVE,3030140010011,C,1737,0.6719364,0.75388825
-80.38671751219253,25.72218354314942,11860SW 47TH ST,3049240011851,R,0220,0.0,0.0
-80.18057964957318,25.8577562478103,8951NE 8TH AVE,3032060000050,C,0420,0.94253397,0.6887855
-80.25709926118206,25.87867493014175,11405NW 36TH AVE,3021330060090,C,1022,0.6483862,0.7220801
-80.37318589531874,25.741060793377823,3000SW 109TH CT,3040180740030,R,0220,0.0,0.0
-80.33051250033509,25.83283499933692,6508 NW 82ND AVE,2230150350001,C,0520,0.647862,0.7274755
-80.34565855057288,25.72421070433389,9310SW 48TH ST,3040210430010,R,0220,0.117088504,0.60638356
-80.3975713706803,25.772565714980416,520NW 124TH AVE,3049010010301,R,0220,0.0,0.0
-80.34362552923594,25.721139640634224,5020SW 92ND AVE,3040210230170,R,0220,0.22480682,0.57963353
-80.38909083602034,25.742318594230685,2838VILLAGE GREEN DR,3049130140520,R,0220,0.0,0.0
-80.2942068294126,25.727439256697842,6140SW 46TH TER,3040240150480,R,0220,0.07154257,0.43026784
-80.22545077289942,25.856579817817973,8931NW 17TH AVE,3031020020200,R,0220,0.23139928,0.62456775
-80.21815927170573,25.849440409945682,8150NW 12TH CT,3031110100060,R,0220,0.32089442,0.66733766
-80.29083407772892,25.728912816443493,5920SW 45TH ST,3040240140560,R,0220,0.37904322,0.6124894
-80.21186445940461,25.858684841365424,9198NW 8TH AVE,3031020310011,C,1302,0.9463352,0.7313731
-80.27557447954091,25.70041027594772,5031SW 77TH ST,3041310050075,R,0220,0.16468807,0.4811599
-80.32320570083212,25.749701946838364,7845 SW 22ND ST,,R,0220,0.9294797,0.6492232
-80.28846903277474,25.742363526251598,5773SW 31ST ST,3040130110730,R,0220,0.9038042,0.58513016
-80.27591588516293,25.700398553514397,5051SW 77TH ST,3041310050085,R,0220,0.16468807,0.4811599
-80.34097435110084,25.706143839397978,6740SW 90TH CT,3040280090620,R,0220,0.45158583,0.5934868
-80.38594981823894,25.738813298054144,11770SW 32ND TER,3049130160810,R,0220,0.0,0.0
-80.30652781103248,25.714739125835386,5940SW 69TH AVE,3040260110840,R,0220,0.23585443,0.5464889
-80.32404138916789,25.704704306449646,7990SW 69TH TER,3040270240080,R,0220,0.090973005,0.5903509
-80.34338318892512,25.710474953628808,9235SW 63RD ST,3040280110170,R,0220,0.22792406,0.5857338
-80.29124686977164,25.728196725954497,5940SW 46TH ST,3040240140420,R,0220,0.37904322,0.6124894
-80.37182293633538,25.71416279043415,5721SW 109TH CT,3040300030050,R,0220,0.0,0.0
-80.3471249451713,25.71174655489032,9411SW 61ST ST,3040280063740,R,0220,0.2221035,0.59058654
-80.34402476839598,25.711756281105743,6101SW 93RD AVE,3040280070280,R,0220,0.22792406,0.5857338
-80.22705064277604,25.882510563861,11860NW 17TH AVE,3021340040620,C,1521,0.23738347,0.6943713
-80.33814781643241,25.827123521967955,8795NW 58TH ST,3030160000010,C,1822,0.15242018,0.69352186
-80.36374968075727,25.74428084355714,10401SW 27TH ST,3040170100027,R,0220,0.0,0.0
-80.34696750823126,25.71304733060721,5910SW 94TH AVE,3040280063460,R,0220,0.2221035,0.59058654
-80.31337900209135,25.705989150622962,6850SW 73RD CT,3040260090320,R,0220,0.088537395,0.5755284
-80.38426189280322,25.705973422965805,6655SW 118TH AVE,3049250000770,R,0220,0.0,0.0
-80.29115684780038,25.751501215291828,2033SW 59TH AVE,3040120110191,R,0220,0.28277308,0.61913294
-80.30588450410134,25.704497681765538,7115SW 69TH CT,3040260390010,R,0220,0.09419482,0.578263
-80.35390068133957,25.72141925037259,9830SW 50TH ST,3040200050620,R,0220,0.08731233,0.58711845
-80.27732417313553,25.700727058851484,5208SW 76TH ST,3041310180510,R,0220,0.16468807,0.4811599
-80.34502937683608,25.742338804700957,2905SW 92ND PL,3040160190480,R,0220,0.9307803,0.6455301
-80.33726248000752,25.72121015071764,5045SW 88TH CT,3040210130850,R,0220,0.90971774,0.59521616
-80.35195315895643,25.759157671115727,9640SW 10TH TER,3040090100050,R,0220,0.5403988,0.612083
-80.3342924834899,25.762760055063413,8510GRAND CANAL DR,3040030062310,R,0220,0.17060924,0.7189767
-80.32989907676019,25.742871533882376,8311SW 29TH ST,3040150040230,R,0220,0.22520967,0.6615284
-80.34073439761374,25.701535068087455,9040SUNSET DR,3040330010070,C,1421,0.5549253,0.6483467
-80.3995703476646,25.772507943286048,630NW 125TH AVE,3049010010322,R,0220,0.0,0.0
-80.31839990540321,25.8056278374383,,3030260260001,C,1737,0.60350484,0.763432
-80.25709926118206,25.87867493014175,11405NW 36TH AVE,3021330060090,C,1806,0.6483862,0.7220801
-80.29082032631854,25.726590619151793,5921SW 48TH ST,3040240140180,R,0220,0.072208926,0.4596403
-80.25354752646622,25.815814924010496,3520NW 46TH ST,3031210000850,C,1719,0.174611,0.73231566
-80.3376001252818,25.713133518782296,8835SW 60TH ST,3040280510720,R,0220,0.91122115,0.60341233
-80.32421874984263,25.740900562673623,3125SW 79TH CT,3040150000440,R,0220,0.9173936,0.6077386
-80.34035827659753,25.71587935675033,8965SW 56TH TER,3040280100250,R,0220,0.91118336,0.61723876
-80.28125020079598,25.700091987432334,7631SW 54TH AVE,3041310192030,R,0220,0.1780048,0.4862048
-80.28662099611437,25.716272810233683,5830SW 57TH AVE,3040250000100,C,0520,0.9441546,0.6988122
-80.35716837505078,25.750545099492346,9960SW 20TH ST,3040080200040,R,0220,0.0,0.0
-80.31239164579628,25.714042613305054,7300SW 60TH ST,3040260070240,R,0220,0.21329178,0.4707622
-80.3198847217532,25.797941611510893,7600NW 26TH ST,3030260060010,C,1737,0.9521323,0.76979226
-80.32538971369695,25.701853950919777,7255SW 82ND AVE,3040340000080,R,0220,0.090973005,0.5903509
-80.34416845841724,25.753760947515303,1700SW 92ND AVE,3040090070910,R,0220,0.91165215,0.61304677
-80.38895999729753,25.74210429441748,2900VILLAGE GREEN DR,3049130140530,R,0220,0.0,0.0
-80.34897403286057,25.810057533218288,9300NW 41ST ST,3530280010010,C,1822,0.9524275,0.80773145
-80.26771901870679,25.704527249089818,4550SUNSET DR,3041320010020,R,0220,0.17350975,0.47585842
-80.37333024470342,25.723819348078283,10961 SW 47TH ST,,R,0220,0.0,0.0
-80.35093754256083,25.72226081188648,4921SW 97TH AVE,3040210200470,R,0220,0.08731233,0.58711845
-80.35228939028244,25.702088615858294,9825SW 72ND ST,3040290011270,C,1421,0.12145328,0.6628815
-80.31263488981229,25.70122210142905,7333SW 74TH LN,3040350600100,R,0220,0.093185514,0.582321
-80.35012216154036,25.721149753739958,5061SW 96TH AVE,3040210200580,R,0220,0.08731233,0.58711845
-80.33404296204668,25.72391692404182,8540SW 48TH ST,3040220180340,R,0220,0.22723892,0.62728435
-80.27576205046718,25.700425001433402,5041SW 77TH ST,3041310050080,R,0220,0.16468807,0.4811599
-80.32963817366232,25.75448088649104,1634SW 82ND PL,3040100010380,R,0220,0.2464904,0.64924306
-80.3463925442286,25.733528061887956,9351SW 40TH ST,3040160000100,C,1734,0.5635746,0.6926585
-80.35259337658132,25.74940585964901,2131SW 97TH CT,3040080120180,R,0220,0.94370455,0.6961548
-80.33448646120078,25.735172063435094,3735SW 86TH AVE,3040150070220,R,0220,0.945024,0.7195663
-80.27826951881804,25.70152197942864,7524SW 52ND CT,3041310191710,R,0220,0.23167463,0.616401
-80.34004468191837,25.720419550655215,8941SW 52ND ST,3040210131380,R,0220,0.90971774,0.59521616
-80.33321837778615,25.749304040568532,8579CORAL WAY,3040100000020,C,1734,0.24190372,0.75011843
-80.36939747518679,25.7220284608648,10780SW 48TH TER,3040190100620,R,0220,0.0,0.0
-80.2936415303841,25.738577633383734,6029N WATERWAY DR,3040130180620,R,0220,0.91239,0.60866314
-80.28290852494645,25.70415020019916,7218SW 54TH CT,,R,0220,0.9482533,0.7398244
-80.3458004098276,25.71035401357571,9381SW 63RD ST,3040280180160,R,0220,0.2221035,0.59058654
-80.35967940252681,25.72617607210503,4420SW 102ND AVE,3040200081410,R,0220,0.0,0.0
-80.32420965799363,25.750797365929202,7910SW 21ST ST,3040100150230,R,0220,0.33067963,0.60125893
-80.33062440257173,25.765675390861574,8302SW 4TH ST,3040030061121,R,0220,0.1496838,0.69729364
-80.2488460478997,25.847838811976022,3130NW 81ST TER,3031090021930,R,0220,0.94429344,0.7133353
-80.31505187445785,25.712389246636945,6129SW 74TH CT,3040260350030,R,0220,0.2013435,0.5791454
-80.37640444309908,25.711846458794888,5901SW 113TH AVE,3040300021290,R,0220,0.0,0.0
-80.35654123240485,25.70723759911932,9995SW 66TH ST,3040290660030,R,0220,0.0,0.0
-80.33039970786803,25.752907268758626,1820SW 83RD AVE,3040100121100,R,0220,0.2464904,0.64924306
-80.3083332567686,25.703051349118343,7100SUNSET DR,3040350030010,R,0220,0.09419482,0.578263
-80.35506011531723,25.726921755944684,9875 SW 44TH ST,,R,0220,0.0,0.0
-80.18747635377592,25.874447619150953,510NE 108TH ST,3022310240042,R,0220,0.90884113,0.6045083
-80.3098171685151,25.700142296397562,7201SW 76TH ST,3040350160100,R,0220,0.11231919,0.60658175
-80.32460566052372,25.70124459260876,7350SW 80TH CT,3040340370050,R,0220,0.090973005,0.5903509
-80.35682108726026,25.745763742372485,2543SW 99TH PL,3040170940060,R,0220,0.0,0.0
-80.19820844023701,25.851334026511925,55NW 83RD ST,3031120740200,R,0220,0.158381,0.699779
-80.29105200003369,25.727534999945316,5930 SW 46TH ST,3040240140220,R,0220,0.072208926,0.4596403
-80.3463925442286,25.733528061887956,9351SW 40TH ST,3040160000100,C,1734,0.5635746,0.6926585
-80.34373189425715,25.756631647249225,1401SW 92ND AVE,3040090080670,R,0220,0.28295577,0.6089457
-80.3298927472307,25.716603353372747,8350SW 56TH ST,3040270050330,R,0220,0.90561634,0.5808899
-80.33247896010275,25.727652802012738,8450SW 44TH ST,3040220090210,R,0220,0.22723892,0.62728435
-80.32797872302447,25.726840070010514,8235SW 46TH ST,3040220250050,R,0220,0.2271316,0.62678325
-80.33443581688,25.757143414257143,1320SW 85TH CT,3040100230620,R,0220,0.14390135,0.6922238
-80.31628337847411,25.82843375545167,6001NW 74TH AVE,3030140100321,C,1737,0.698984,0.775565
-80.3598426955842,25.755512211225593,1421SW 102ND AVE,3040080060190,R,0220,0.0,0.0
-80.25451666582565,25.848041457839116,3515NW 81ST TER,3031090021580,R,0220,0.6058535,0.69479185
-80.30727280815212,25.712224923977885,6930SW 62ND ST,3040260000261,R,0220,0.21318637,0.45619446
-80.36196145752176,25.757292266260624,10281SW 13TH ST,3040080090620,R,0220,0.0,0.0
-80.3284336083248,25.737513713684848,8230SW 35TH TER,3040150100210,R,0220,0.9198472,0.623264
-80.28784861671369,25.742414793190093,5731SW 31ST ST,3040130100180,R,0220,0.9038042,0.58513016
-80.293217474366,25.875857653487728,5775NW 112TH TER,3020360021150,R,0220,0.23156156,0.6303571
-80.39772156450421,25.737620194123753,12505 SW 33RD ST,3049130110530,R,0220,0.0,0.0
-80.34179752770135,25.70663222798382,6702SW 91ST AVE,3040280090540,R,0220,0.45158583,0.5934868
-80.37370929602409,25.70624187341535,11041SNAPPER CREEK DR,3040300050370,R,0220,0.0,0.0
-80.23665827835161,25.814663947942286,2409NW 43RD ST,3031220310020,R,0220,0.23493539,0.7130454
-80.3286390072162,25.70096269410728,7401SW 83RD CT,3040340080050,R,0220,0.12256408,0.64966285
-80.33191363502308,25.75287665031675,1810SW 84TH AVE,3040100210180,R,0220,0.22753999,0.6950696
-80.32681939953962,25.752612272125912,8035SW 19TH ST,3040100020500,R,0220,0.33067963,0.60125893
-80.31403571637811,25.70276847871983,7410SUNSET DR,3040350070020,C,0920,0.08970989,0.58705163
-80.17765326536427,25.85707493235306,8865NE 9TH CT,3032060320010,R,0220,0.229659,0.60487527
-80.31451387882407,25.712382107210395,6140SW 74TH AVE,3040260350031,R,0220,0.2013435,0.5791454
-80.34064691877305,25.72432843362168,4720SW 89TH WAY,3040210350100,R,0220,0.22773807,0.6098503
-80.33179259692001,25.73039247419697,4250SW 84TH AVE,3040220060221,R,0220,0.94287354,0.700255
-80.34660942448764,25.72675189691786,9351SW 45TH ST,3040210150810,R,0220,0.117088504,0.60638356
-80.24398033304473,25.846423422860997,7900NW 27TH AVE,3031090420010,C,1734,0.64723086,0.72101825
-80.3087989488018,25.716922878910037,7020SW 57TH ST,3040260110190,R,0220,0.23585443,0.5464889
-80.32240757195669,25.704897572951253,7900SW 69TH TER,3040270240060,R,0220,0.09094935,0.5808193
-80.31992240518105,25.803323501444613,3155NW 77TH AVE,3030260110030,C,1402,0.94634044,0.7240662
-80.34465194877116,25.705237504535155,6805SW 93RD CT,3040280290010,R,0220,0.49683735,0.6416579
-80.37418214044355,25.709580783638597,11181SW 62ND TER,3040300041400,R,0220,0.0,0.0
-80.2383492769239,25.875076785134297,2440NW 116TH ST,3021340260020,C,1719,0.9226238,0.62947506
-80.31149476781663,25.806095561644852,3401NW 72ND AVE,3030260000013,C,1719,0.95179844,0.75301594
-80.27742531175844,25.70356058504752,7260SW 52ND AVE,3041310190050,R,0220,0.21103892,0.5541543
-80.35737095952038,25.75465674404658,9971SW 16TH ST,3040080060330,R,0220,0.0,0.0
