model,variant,term,coef,std_err,stat,p_value,ci_low,ci_high,kind,odds_ratio,or_ci_low,or_ci_high
Logit,no_nlcd,Intercept,0.855620234145179,0.08003021835980528,10.691214539718278,1.1189596708959315e-26,0.6987638884850844,1.0124765798052735,logit,2.352833235622923,2.0112650224054165,2.75240914199917
Logit,no_nlcd,C(event_id)[T.ida_neworleans],-0.8457371272925729,0.07086215275580035,-11.934962379806418,7.779405456629608e-33,-0.9846243945609173,-0.7068498600242284,logit,0.4292408364310298,0.37357951908706316,0.49319538745128827
Logit,no_nlcd,C(event_id)[T.irma_miami],-1.0172673374550871,0.07302126992180091,-13.93110991556963,4.099350954195268e-44,-1.1603863966071948,-0.8741482783029795,logit,0.361581672048563,0.3133650742850058,0.41721722135034495
Logit,no_nlcd,C(event_id)[T.laura_lakecharles],0.04908274831062408,0.07876834978227414,0.6231277974757008,0.5332005441536218,-0.10530038038428664,0.2034658770055348,logit,1.050307258295512,0.9000541233735313,1.2256433343069295
Logit,no_nlcd,C(event_id)[T.maria_sanjuan],3.9821718835457505,0.27465619857028384,14.498751181567535,1.233740748473622e-47,3.443855626217313,4.520488140874188,logit,53.63339330699273,31.3074355304496,91.88043763037857
Logit,no_nlcd,C(event_id)[T.michael_panamacity],0.11990944598661554,0.08579012903951662,1.397706791318415,0.16220113403576486,-0.048236117159880854,0.28805500913311194,logit,1.1273947568370009,0.9529087624018526,1.333830674974481
Logit,no_nlcd,in_buffer,-0.3811255546402059,0.07160355858846178,-5.322718062529655,1.022281241240984e-07,-0.5214659506384947,-0.24078515864191716,logit,0.6830921188503436,0.5936496486969365,0.7860104758078666
Logit,no_nlcd,pre_mean_ntl,0.000255315004123591,0.0160039613367517,0.01595323799847494,0.9872716976129624,-0.031111872825881244,0.03162250283412842,logit,1.0002553475997733,0.9693671211705668,1.0321278064328907
Logit,no_nlcd,in_buffer:pre_mean_ntl,0.018549028227239365,0.01690108573570484,1.0975051258424848,0.2724206412597622,-0.014576491114365767,0.0516745475688445,logit,1.0187221300852973,0.9855292316200304,1.0530329745973948
