model,variant,term,coef,std_err,stat,p_value,ci_low,ci_high,kind
OLS,no_nlcd,Intercept,-0.12884366974958572,0.014265208288621017,-9.032021625114366,1.6852911195977931e-19,-0.15680296422724518,-0.10088437527192626,linear
OLS,no_nlcd,C(event_id)[T.ida_neworleans],0.025329436276388863,0.007247869426931522,3.494742355908087,0.0004745195774689692,0.01112387323495412,0.03953499931782361,linear
OLS,no_nlcd,C(event_id)[T.irma_miami],0.029491645840777257,0.007845521052904538,3.759042343001422,0.0001705649723132142,0.014114707137133599,0.044868584544420914,linear
OLS,no_nlcd,C(event_id)[T.laura_lakecharles],0.022476057705366904,0.01957418963910666,1.1482497165789534,0.25086549058330077,-0.015888649013839226,0.060840764424573035,linear
OLS,no_nlcd,C(event_id)[T.maria_sanjuan],-0.48171948104423845,0.0070817523358385065,-68.02263877633911,0.0,-0.49559946056991433,-0.4678395015185626,linear
OLS,no_nlcd,C(event_id)[T.michael_panamacity],-0.09994059654567224,0.014084448989220337,-7.095811602013163,1.2859456038509249e-12,-0.12754560930663567,-0.0723355837847088,linear
OLS,no_nlcd,in_buffer,0.028273370126764914,0.01561238018445212,1.8109583415680253,0.07014730044047286,-0.0023263327477080487,0.058873073001237876,linear
OLS,no_nlcd,pre_mean_ntl,0.003839954185273416,0.004820458358175123,0.7965952405254475,0.4256861424798126,-0.005607970585724905,0.013287878956271737,linear
OLS,no_nlcd,in_buffer:pre_mean_ntl,-0.0020128496284254204,0.004951993723034456,-0.4064725726655399,0.6843954055445756,-0.01171857897724137,0.00769287972039053,linear
